Huy Hoàng huyhoangn968@gmail.com
Thành Long Csvt99bg@gmail.com
Trần Hiếu Trung hieutrungcomputer.301096@gmail.com
Nguyễn Quốc Bảo nqbaojsp@gmail.com
Thanh Quang thanhquang.stahli@gmail.com
Sáng Trần tranquangsang1207@gmail.com
Đình Tuấn dinhtuanvo2712@gmail.com
Hai Pham pmhaibku@gmail.com
Huy Nguyen pythago1999@gmail.com
Đặng Qui Thuận dangquithuan2602@gmail.com
Mai Nhân Phúc Tieuphucnhan@gmail.com
Trường Huy huyhieu10.11.1999@gmail.com
Sĩ Quãng boboiboy3181998@gmail.com
Nguyễn Hải vanhain30@gmail.com
Đình Khang hdkhang1504@gmail.com
Đoàn Kim Định doankimdinh113@gmail.com
Quốc Thắng Thangtcq@gmail.com
Lê Văn Liêm liem6396@gmail.com
Duy Tư duytu097@gmail.com
Tuệ Nguyễn dactue1006@gmail.com
Cường Lê vietcuongkashi97hy@gmail.com
Việt vietawake@gmail.com
Nguyễn Xuân Hải anzuhan3@gmail.com
An dr4clil4@gmail.com
Khả Yến Vuthiyen1602999@gmail.com
Chien Huynh minhchien4680@gmail.com
Hiếu Dương dhieu999@gmail.com
Tomee Gml toumee.xyv@gmail.com
Trần Đức Trường Tranductruong210@gmail.com
Phan Nguyễn xuantam775@gmail.com
Đặng Quốc Hùng dangquochung2910@gmail.com
Tâm Trần shin.ctv72111@gmail.com
Ông Hoàng Hoangdv1992@gmail.com
Hoa Huong Duong nguyennguyenhoang1121993@gmail.com
Hồ Văn Lộc hvanloc0705@gmail.com
Le Ngoc Thanh thanhspkt1992@gmail.com
Hòa Kim phamhoa041196@gmail.com
Nguyễn Chí Công Congthongtin.khxh@gmail.com
Nguyen Chung nguyenducchungsn95@gmail.com
Nguyễn Thạnh thanhtt9900@gmail.com
Phạm Luận pluan20893@gmail.com
Kim Tuấn Đoàn Doantuan21101999@gmail.com
Hoài Thu Thuhb200298@gmail.com
Đăng Khoa dangkhoa12.kd@gmail.com
Anh Thư Mai anhthu98.tn@gmail.com
Thái 's Nguyễn tonythainguyen20@gmail.com
Huỳnh Gia Bảo huynhgiabaoa2@gmail.com
Hùng Phong nghungphong96@gmail.com
Pham Nhu Canh nhucanh082@gmail.com
Nguyễn Văn Hưởng mathkudo@gmail.com
Trường Tráng truongtrang.it.spkt@gmail.com
Phan Minh phanminh1999@gmail.com
Ngô Cường ngonhatcuonguit@gmail.com
Ulrich Trịnh sozhangling@gmail.com
Bui Van Quoc buivanquocpd@gmail.com
Tuân Huỳnh huynhducanhtuan305@gmail.com
Khánh Không Pvkhanh98@gmail.com
Phước Hưng phimviet789@gmail.com
Duc Anh ducanger123@gmail.com
Bảo Thạch ngohoangbaothach20@gmail.com
Thu Xlu thuxlu246@gmail.com
Xuân Sơn nxson2509@gmail.com
Phuc Ole phucvancanh@gmail.com
Phong Hurricanes phongkavip98@gmail.com
Nguyệt Ánh ngocoanh07031994@gmail.com
Nguyễn Khánh Việt Dũng kisassasin2110@gmail.com
Minh Tài dmtai091@gmail.com
Nguyễn Quốc Thành nguyenquocthanhh98@gmail.com
Lê Quang Hải lqhai1121@gmail.com
Kim Tieu Duy Kimtieuduy98@gmail.com
Phạm Hùng Phamhunggttn@gmail.com
Nguyễn Nam Sơn Namson.cdt01.tnut@gmail.com
Duong Le warstreet75@gmail.com
Thoa Tran trankimthoaqs@gmail.com
Nguyễn Mạnh Cầm nguyenmanhcam96@gmail.com
Hoàng Nhân hoangthachttll1412@gmail.com
Mai Bá Giang Sơn sonsvit98434@gmail.com
Trần Xuân Nam tranxuannam02041997@gmail.com
Tiền Phong Phongbl121@gmail.com
Thuận Nguyễn minhthuanit7917@gmail.com
Quang Hieu hieuquang2212@gmail.com
Vũ Đức Thắng yeuem150499@gmail.com
Tùng Hàn nh0cdajgja196@gmail.com
Huy Phạm pqhuy.ict@gmail.com
Gia Hảo giahaocbl@gmail.com
Doãn Phú Doanphuxm01@gmail.com
Minh Đức Ngominhducd12@gmail.com
Quang Hà Buiquangha250199@gmail.com
Võ Hoang Thien thiendq215@gmail.com
Minh Trungg trungntm.97@gmail.com
Nguyễn Minh Thành minhthanhdn10@gmail.com
Hùng Hungdng.92@gmail.com
Nguyễn Duy Duytunahd59@gmail.com
Việt Hoàng duongviethoang98@gmail.com
Lưu Quốc Thắng savenationwin@gmail.com
Võ Thế Công vtconga4tqtpy@gmail.com
Nguyễn Trọng Quyền trongquyen2051998@gmail.com
Sĩ Tiến Sitienbmt@gmail.com
Hiếu Xuân Hồ hoxuanhieu131099@gmail.com
Nguyễn Trung Hậu nguyentrunghau2271997@gmail.com
Không Quan Trọng Sauthienthu678@gmail.com
Huấn Hoàng Thehoangnguyen12345@gmail.com
Huu Uoc Nguyen huuuon@gmail.com
Hoàng Tiến Bình kakashi98.bn@gmail.com
Data Data lionelcris123@gmail.com
Hàn Lâm greenvn069@gmail.com
Tuấn An Võ rockystriker123.cool@gmail.com
Giang Pham provkl321@gmail.com
Nguyễn Minh Đức ducnguyen293105@gmail.com
Đổng Nguyễn Dtxmendt@gmail.com
Nguyễn Trung Hiếu hieunt76124@gmail.com
Thiện Nguyễn Đình thiennguyendinh95@gmail.com
Tuấn Dũng Tuandungitcn6@gmail.com
Chiến Phạm chienpham304@gmail.com
Tín Trung Phan D3vi0ps@gmail.com
Nhật Trường nhattruong04x9@gmail.com
Chử Kỳ Giang Sơn Chukygiangson@gmail.com
Nhật Tiến tien1999fc@gmail.com
Phạm Quốc Bảo quocbaohx@gmail.com
Đàm Anh Hào fb.ckga97@gmail.com
Tuấn Minh Lê tuanlmst02@gmail.com
Ri Trinhri1997@gmail.com
Nguyễn Đình Tiến tienvidic@gmail.com
ThiệnHuy Hồ thienhuyh@gmail.com
Đoàn Trần Anh Tuấn doantrananhtuan.qn@gmail.com
Kiến Bay Kienbay.bayxa@gmail.com
Anh Tran Tta9799@gmail.com
Cherry Ho sauho97@gmail.com
Dương tienduong250196@gmail.com
Hiếu vanhieunguyen0706@gmail.com
Lê Hoàng Long long.lhoang.1809@gmail.com
Hoa Vũ Vuhoahoa197@gmail.com
Nguyễn Thành An nguyenthanhan0305@gmail.com
Lý nhly.se@gmail.com
Hợp Nguyễn Khả Hopdajka97@gmail.com
Cao Duy Phong duyphongmmo@gmail.com
Việt Hoàng viethoang15061999@gmail.com
Hoàng Mẫn Hoangman772@gmail.com
Hải Nguyễn hainguyen8895@gmail.com
Đức Lâm Lam29012000@gmail.com
Văn Na Caovanna261177@gmail.com
Nguyễn Tấn Phúc Tanphucdtu@gmail.com
tranvannguyen8181@gmail.com
Phạm Tuấn Anh phamtuananhvnvt1992@gmail.com
Nguyễn Thư thuptit289@gmail.com
BĨm Chu kuninguyen195@gmail.com
Nguyễn Ngọc Biên ngocbien998@gmail.com
Lê Hoàng Trọng Minh lehoangtrongminh21@gmail.com
Thái Hoàng thaihoang286.97@gmail.com
Kối Cương Đây là gmail của mình. Cuong30061997@gmail.com
Nguyễn Nam Hải nguyennamhai9x99@gmail.com
Trần Phước Hạnh Phuochanh08@gmail.com
Phí Thành Pdthanh97cs@gmail.com
Ney Phungmanhcuong43@gmail.com
Ste Hust vantruongbk1@gmail.com
Đỗ Chí chi.doduy1996@gmail.com
Đức Minh minhscdhpvn@gmail.com
Vũ Đình Duy Vuduysm97@gmail.com
Vinh Lâm vinhlam9011@gmail.com
Tan Vo leoiriswtocean@gmail.com
Lâm Phúc Lamngguyen97@gmail.com
Hồ Văn Trungg Trungcodon1998@gmail.com
Hiếu Đặng huyhieudang99@gmail.com
Nguyễn Xuân Minh Nguyenxuanminh10@gmail.com
Nguyễn Văn Giang nvg.cdspbn@gmail.com
Nguyễn Công Lợi ncl.csp@gmail.com
Văn Tâm tranvantrun@gmail.com
Nguyễn Hoàng Ngân lakan1234@gmail.com
Đức Khánh khanhkuku99@gmail.com
Đạt Nguyễn Jamesbondcfs@gmail.com
Linh Vu linhvu231@gmail.com
Linh Suy Tư linhsuytu136@gmail.com
Duc Anh Tran tranducanhdragon@gmail.com
Thảo Nguyên SoSoicon2110@gmail.com
Diệu Hà dieuha1997@gmail.com
Sơn Nhất sonnhatbest@gmail.com
Phương Nguyễn ryunphuongnguyen@gmail.com
Trần Cao Phong lordoffifa3@gmail.com
Minh Tuấn kevodanhtbk@gmail.com
Nguyễn Hữu Lợi Lyonguyen311@gmail.com
Hữu Thiên thien20022015@gmail.com
Mạnh Thu thuha.angel97@gmail.com
Quang Minh minh.ng1314@gmail.com
Tài Sỹ taisy8296@gmail.com
Trương Quang Nhân Truongquangnhan299@gmail.com
Nguyễn Danh Bảo An Danhngoc1999.vn@gmail.com
Nguyễn Hồng Sơn Sonhong121997@gmail.com
Trương Tiến tien.truong.2506@gmail.com
Bùi Hữu Hòa hoa14cdt2bk@gmail.com
Thế Dân passierion@gmail.com
Đức Tùng daoductung1997@gmail.com
Lê Bắc Lecongbac9797@gmail.com
Trang Trần tranthitrang16081999ttt@gmail.com
Điu Tư Nhien Thiencafe2018@gmail.com
James Tiển thanhbu96@gmail.com
Huỳnh Anh Hoanganhpham.rasta@gmail.com
Hữu Thuấn lehuuthuan292@gmail.com
Trần Huy Hoàng walcott797@gmail.com
Mạnh Cào Manhcao277@gmail.com
Tuấn Khang 0986805249love@gmail.com
Nguyễn Thanh Tùng tungqn11135@gmail.com
Lợi Họ Huỳnh huynhloi0910@gmail.com
Nguyên Tân ngtan791999@gmail.com
Hà Mika Hamika1309@gmail.com
TrongTan NgoTran nttrongtan1605@gmail.com
Tiến Hân Tiến Hân tienhan9612@gmail.com
Trần Thép chienbinhthepbk@gmail.com
Minh Trần quangminh.17cntt@gmail.com
Văn Vũ theforest1612@gmail.com
Lành Đức Thiện Lanhducthien@gmail.com
Nguyễn Thị Hoàng Nguyện Hoangnguyenhm198@gmail.com
Nguyễn Huy Hoàng nh1991998@gmail.com
Nguyễn Thành Lâm thanhlam14051996@gmail.com
Bắc Siro Nguyenquangbac97@gmail.com
Đỗ Ngọc Hiếu ngochieumta@gmail.com
Vũ Văn Đạt vuvandat361998@gmail.com
Thái Dương drsmile6969@gmail.com
Nghia Truong Trong nganvutru@gmail.com
Hữu Nghĩa buihuunghia.10hlvc@gmail.com
Dương Vũ duongdiemdy@gmail.com
Quốc Bảo quocbaoluong0608@gmail.com
Alex Le leducle1993@gmail.com
Bầu Trời Tư Cách Minhcules98@gmail.com
Minh Tuấn Cù caubeuudam@gmail.com
Hai Hoang Haiminh9299@gmail.com
Võ Tâm tamvo.uiu@gmail.com
Nguyen Minh Hai salacompassion@gmail.com
Triệu Dương duonggoku@gmail.com
Hiển Vü cochocan98@gmail.com
Dzuong Thai shiroyasha699969@gmail.com
Nhã Nhã hodiep845@gmail.com
Đặng Quang Đạt dat1999vn@gmail.com
Oke Oke thang2321998@gmail.com
Phạm Bảo sensohara@gmail.com
Nguyễn Tiến Duy duyco0311@gmail.com
Phạm Văn Hậu phamhau96.nd@gmail.com
Đỗ Vũ trongdovan98@gmail.com
Thoa Stellar thoalepampam@gmail.com
Return Quickly duongdanhdoan@gmail.com
Dinh Chuc Nguyen ndinhchuc@gmail.com
Tanphat Tran tanphattp97@gmail.com
Hải Âu haiau762@gmail.com
Quang Khải Ngokhai07031998@gmail.com
Brandon LE Codestudy0210@gmail.com
Lý Bình Tấn lybinhtan@gmail.com
Hồ Nhất Hào honhathao250398@gmail.com
Nguyen Do dibienthoigian@gmail.com
Nguyễn Hoàng Sơn nguyenhoangson.tci@gmail.com
Nguyễn Báu Baudcctak54@gmail.com
Huyen Su Thanhnamdo2015@gmail.com
Nguyễn Tính Hackerkeylock@gmail.com
Phùng Thế Nam 02invoker@gmail.com
Giang Nguyen nguyenthisim97lc@gmail.com
Thọ Nguyễn thonguyen20081998@gmail.com
Nguyễn Linh linhnguyen09111997@gmail.com
Hồ Anh Nhật quachkelu@gmail.com
Trần Thanh Tâm Sutrinh1999@gmail.com
Nguyễn Bảo Huy 311nguyenbaohuy@gmail.com
Toàn Hoàng Toantun13052000@gmail.com
Neil Phạm phamvanhau30031997@gmail.com
Tình Cu Te ezmore.98@gmail.com
Nguyen Minh Hieu minkhieu1909@gmail.com
Phạm Tài Hậu taihauppp@gmail.com
Vương Hiếu vuonghieulg1308@gmail.com
Kỳ Lâm minhkhue7723@gmail.com
Anh Ngọc Ngô anbertgameemail@gmail.com
Nguyễn Tú Tu66778899@gmail.com
Tuân Linh Chi nghiemthihachi@gmail.com
Vo Hu masstelnn460@gmail.com
Duy Nam Nammadridista2309@gmail.com
Nguyễn Phượng helloimys.g6@gmail.com
Hữu Huynh huuhuynhdhsp.it@gmail.com
Đặng Quốc Thìn Thanhmy209704@gmail.com
Bích Ngọc hoangthibichngoc335@gmail.com
Lê Đức Việt kysido22@gmail.com
Vĩ Nam nhanvinam99@gmail.com
Lâm Thành Bộ lambo3338@gmail.com
Bảo Điền capbaodien@gmail.com
武 阮 nguyenvu261294@gmail.com
Lương Bằngg luongbang1108@gmail.com
Nguyen Van Anh probxyz1@gmail.com